DishID,Time,Ingredients,Category,Name,Filename,
A001,15,"Pasta, Zucchini, Noodles, Paprika, Sugarsnaps, Carrot, Lime, Ginger, Cashew Nuts, Tahin","Ad, Vegan ",Noodles with Tahin and Zucchini,A001.jpg,.jpg
A002,15,"Noodles, Mushrooms, Egg, Lime, Cucumber, Tahin","Ad, Vegan ",Sweet Sesam Noodles with Fried Egg,A002.jpg,
A003,20,"Pasta, Penne, Salad, Radicchio, Iceberg Salad, Tomato, White Cheese, Avocado, Chicken, Chicken Filet","Ad, Meat",Pasta Salad with Chicken and Avocado,A003.jpg,
A004,20,"Shrimps, Fusili, Pasta,Salade, Cream, Goat Cheese, Zucchini, Paprika","Ad, Fish",Shrimps with Fusili in Creamy Curry Sauce,A004.jpg,
A005,20,"Pasta, Spaghetti, Cherry Tomatoes, Shrimps, Rucola, Lemon, Cream, Kookhaver Bio","Ad, Fish",Quick Spaghetti with Lemon-Garlic Shrimps,A005.jpg,
A006,20,"Pasta, Penne, Cream Cheese, Cherry Tomatoes, Spinach, Paprika, Olives","Ad, Vegan ",Creamy Pasta with Chorizo and Olives,A006.jpg,
A007,20,"Udon Noodles, Bosui, Carrot, Sugar Snaps, Paprika, Tauge, Ginger, Lime","Ad, Vegan ",Sweet sticky Noodles with baked egg and gomasio,A007.jpg,
A008,20,"Pasta, Casarecce, Shrimps, Zucchini, Leek, White Wine, Beurre Blanc, Parmigiano, Curry Powder","Ad, Fish",Creamy Shrimp Curry with Pasta,A008.jpg,
A009,25,"Pasta, Dried Tomatoes, Kookroom, Zucchini, Spinace, Fiocchi, Cherry Tomatoes","Ad, Vegan ",Creamy fiocchi tricolore in sun-dried tomatoes sauce,A009.jpg,
A010,25,"Mushrooms, Aglio E Olio, Parmigiano, Pasta, Spaghetti, Passata, Cherry Tomatoes","Ad, Vegan ",Spaghetti with Parmigiano-panko Topping,A010.jpg,
A011,20,"Pasta, Linguine, Cherry Tomatoes, Spinach, Red Pesto, Basilicum","Ad, Vegan ",Quick linguine with minced chicken,A011.jpg,
A012,20,"Pasta, Zucchini, Semi Dried Tomatoes, Penne, Cream, Basilicum, Rucola","Ad, Vegan ",Penne in eggplant-Cream Sauce,A012.jpg,
A013,20,"Pasta, Leek, Kookroom, Spinach, Smoked Salmon, Lemon","Ad, Fish",Penne with warm-smoked Salmon,A013.jpg,
A014,20,"Paprika, Pasta, Conchiglie, Salad, Feta, Basilicum","Ad, Vegan",Conchilie with Red Pesto and Feta,A014.jpg,
A015,25,"Paprika, Spinach, Ginger, Cocos Milk, Peanut Butter, Grated Cocos, Udon Noodles, Curry Herbs","Ad, Vegan",Peanut Curry with Spicy Cocos Topping,A015.jpg,
A016,25,"Goat Cheese, Pasta, Rigatoni, Cherry Tomatoes, Tomato Puree, Paprika","Ad, Vegan",Creamy Rigatoni with goat cheese and baked salie,A016.jpg,
A017,30,"Pasta, Rigatoni, Andives, Witlof, Mushrooms, Cream, ","Ad, Vegan",Rigatoni in Mushroom Cream Sauce,A017.jpg,
A018,25,"Orzo, Cucumber, Grilling Cheese, Lemon, Paprika","Ad, Vegan",Orzo Salad with Marinated Grill-Cheese,A018.jpg,
A019,25,"Chili Pepper, Cherry Tomatoes, Pasta, Farfalle, Minced Turkey, Spinach, Sour Cream, Grated Cheese","Ad, Meat",Creamy Farfalle with Seasoned Minced Chicken and Spinach,A019.jpg,
A020,25,"Rigatoni, Broccoli, Pasta, Sour Cream, Mushrooms, Pecorino","Ad, Vegan",Rigatoni with Mushrooms and truffle oil,A020.jpg,
A021,25,"Paprika, Pasta, Conchiglie, Mozzarella, Tomato, Basilicum, Pecorino","Ad, Vegan",Conchilie with Mozzerella and Peccorino from the Oven,A021.jpg,
A022,25,"Zucchini, Pasta, Mozzerella, Conchiglie, Green Pesto, Rucola","Ad, Vegan",Pasta Pesto with Zucchini and Mozzarella,A022.jpg,
A023,30,"Orzo, Mushrooms, Herb Cheese","Ad, Vegan",Risotto from Orzo with Mushrooms,A023.jpg,
A024,30,"Penne, Pasta, Zucchini, Carrot, Basilicum, Tomato Cubes W Basilicum, Tomato Puree, Red Pesto, Grana Padano Flakes","Ad, Vegan",Penne with Red Pesto-Tomato Sauce,A024.jpg,
A025,30,"Pasta, Spaghetti, Cream Cheese, Tomatoes, Passata, Rucola, Grated Cheese","Ad, Vegan",One-pot spaghetti with tomato sauce,A025.jpg,
A026,30,"Conchiglie, Basilicum, Pesto Genovese, Zucchini, Grated Cheese, Paprika","Ad, Vegan",Pasta Pesto with Parmigiano Reggiano and Zucchini,A026.jpg,
A027,30,"Pasta, Carrot, Mushrooms, Passata, Basilicumcream, Fiocchi, Burrata","Ad, Vegan",Fiocchi tricolore with Buratta and Basil Cream,A027.jpg,
A028,30,"Pasta, Gigli, Miso, White, Mushrooms, Spinach, Grated Cheese, Kookroom, Chili Pepper, Gomasio Mix","Ad, Vegan",Gigli with Miso and Mushrooms,A028.jpg,
A029,20,"eggplant, Pasta, White Cheese, Salty Almond, Sour Cream","Ad, Vegan",Gigli with Eastern Herbs and White Cheese,A029.jpg,
A030,25,"Noodles, Shrimps, Paprika, Gomasio, Mango Ketchup","Ad, Fish",Shrimps in Sweet Mango Sauce,A030.jpg,
A031,30,"Orzo, White Grill Cheese, Cherry Tomatoes, Lemon, ","Ad, Vegan",Pasta Salad with Marinated Grill Cheese,A031.jpg,
A032,30,"Pasta, White Miso, Mushrooms, Spinach, Grana Padano Flakes, Kookroom, Chili Pepper, Conchiglie","Ad, Vegan",Conchilie with Miso and Mushrooms,A032.jpg,
A033,30,"Orzo, Mushrooms, Herb Cheese, Basilicum, Unami","Ad, Vegan",Unami Risotto from Orzo with Mushrooms,A033.jpg,
A034,30,"Zucchini, Pasta, Cherry Tomatoes, Grated Cheese, Herb Cream Cheese, Spaghetti, Lemon, Spinach","Ad, Vegan",Creami Spaghetti with Lemon and Wallnut-Basil Topping,A034.jpg,
A035,30,"Tomato, Spaghetti, Pasta, Zucchini, Salmon, Pesto Genovese","Ad, Fish",Pasta Pesto with Salmon,A035.jpg,
A036,30,"Pasta, Pesto Genovese, Linguine, Tomatoes, White Cheese, Cherry Tomatoes, Paprika","Ad, Vegan",Linguine with Pesto and White Cheese,A036.jpg,
A037,30,"Pasta, Spaghetti, Lemon, Brussels Sprouts, Grated Cheese, Grana Panano Flakes, Panko, Zucchini, Kookhaver","Ad, Vegan",Spaghettal limone with Panko Topping,A037.jpg,
A038,30,"Pasta, Orecchiette, Minced Turkey, Kookroom, Spinach, Grated Cheese, Mushrooms","Ad, Meat",Orecchiette with Minced Chicken and Mushroon Cream Sauce,A038.jpg,
A039,35,"Pasta, Carrot, Broccoli, White Fish, Cocos Milk, Fish Sauce, Lime, Basilicum","Ad, Fish",Mild Fish Curry,A039.jpg,
A040,30,"Pasta, Broccoli, Tomatoes, Penne, White Fish, Kookroom, Grated Cheese, Salad ","Ad, Fish",Creamy Pasta with White Fish and Broccoli,A040.jpg,
A041,30,"Sjalot, Leek, Paprika, Orzo, Tomatoes, Salade, Pecorino, Basilicum Cream","Ad, Vegan","Stuffed Paprika with Orzo, Pecorino and Leek",A041.jpg,
A042,30,"Orzo, Mushrooms, Lemon, Almette, Pecorino","Ad, Vegan",Orzo with Red Onion and Lemon Ricotta,A042.jpg,
A043,30,"Pasta, Paprika, Tomatoes, Goat Cheese, Conchiglie, Kookroom, Eggplant, Basilicum","Ad, Vegan",Conchilie with Ratatouille and Goat Cheese,A043.jpg,
A044,30,"Orzo, Zucchini, Paprika, Tomatoes, Salade, Grated Cheese, Basilicum Cream, Cream Cheese","Ad, Vegan",Stuffed Paprika with Orzo and Zucchini,A044.jpg,
A045,35,"Pasta, Eggplant, Ansjovis, Cherry Tomatoes Canned, Rigatoni, Grated Cheese","Ad, Fish",Pasta with Ansjovis Pesto,A045.jpg,
A046,35,"Orzo, Eggplant, Zucchini, Passata, Basilicum, Ciabatta, White Cheese, Paprika","Ad, Vegan",Orzo with Roasted Ratatouille and Garlic Bread,A046.jpg,
A047,40,"Pasta, Mushrooms, Linguine, Kookroom, Grated Cheese, Bacon","Ad, Meat",Linguine with Mushroom Cream Sauce and Bacon,A047.jpg,
A048,40,"Pasta, Tomatoes, Goat Cheese, Conchiglie, Kookroom, Eggplant, Basilicum, Paprika","Ad, Vegan",Creamy Conchiglie with Zucchini,A048.jpg,
A049,40,"Pasta, Spaghetti, Eggplant, Passata, Tomato Tapenade, Paprika Sauce, Basilicum, Olives","Ad, Vegan",Eggplant Cacciatore with Spaghetti,A049.jpg,
A050,40,"Pasta, Conchiglie, Sjalot, White Wine, Broccoli, Lemon, Pesto Genovese, Grated Cheese, Almonds, Basilicum","Ad, Vegan",Conchiglie with Creamy Broccoli Pesto Sauce,A050.jpg,
A051,40,"Pasta, Venkel, Passata, Paprika, Lemon, White Fish, Spaghetti","Ad, Fish",TempName: A051,A051.jpg,
A052,40,"Orzo, Eggplant, Zucchini, Tomato Blocks, Basilicum, Grated Cheese, Cream Cheese","Ad, Vegan",TempName: A052,A052.jpg,
A053,45,"Orzo, Basilicim, Zucchini, Lemon, Shrimps","Ad, Fish",TempName: A053,A053.jpg,
A054,45,"Pasta, Tagliatelle, Shrimps, White Wine, Chives, Tomatoes, Zucchini, Kookroom","Ad, Fish",TempName: A054,A054.jpg,
A055,45,"Orzo, Mushrooms, Andive, Ham, Kookroom, Grated Cheese","Ad, Vegan",TempName: A055,A055.jpg,
A056,45,"Pasta, Zucchini, Lemon, Linguine, Shrimps, Tomatoes, Bbq-rub, Kookhaver","Ad, Fish",TempName: A056,A056.jpg,
A057,40,"Pasta, Zucchini, Canned Tomatoes Cubes, Kookroom, Mozzerella, Conchiglie, Basilicum","Ad, Vegan",TempName: A057,A057.jpg,
A058,40,"Pasta, Chilli Pepper, Zucchini, Passata, Kookroom, Spaghetti, Tomatoes, Shrimps","Ad, Fish",TempName: A058,A058.jpg,
A059,55,"Pasta, Paprika, Zucchini, Basilicum, Goat Cheese, Spaghetti, Passata","Ad, Vegan",Same As A060,A059.jpg,
A060,50,"Pasta, Paprika, Zucchini, Basilicum, Goat Cheese, Spaghetti, Passata","Ad, Vegan",Same As A059,A060.jpg,
A061,60,"Orzo, Broccoli, Kookroom, Spinach, Herb Cheese, Grated Cheese, Panko, Lemon","Ad, Vegan",TempName: A061,A061.jpg,
A062,20,"Noodles, Shrimps, White Cabbage Mix, Peanuts, Nasi Herb Mix, Lime","Ad, Fish",TempName: A062,A062.jpg,
A063,20,"Lime, Ginger, Chicken Strips, Cucumber, Tomatoes, Udon Noodles, Chilli Pepper, Chicken","Ad, Meat",Turkey Strips with Udon Noodles,A063.jpg,
A064,25,"Lime, Udon Noodles, Chilli Pepper, Cucumber, Chicken Strips, Tomatoes, Chicken","Ad, Meat",Same as 63,A064.jpg,
A065,20,"Udon Noodles, Ham, White Cabbage Mix, Egg","Ad, Meat",TempName: A065,A065.jpg,
A066,35,"Chilli Pepper, Cucumber, Mango, Lime, Paprika, Fish Sauce, Shrimps, Udon Noodles","Ad, Fish",TempName: A066,A066.jpg,
A067,15,"Bosui, Green Curry, Pearl Couscous, Couscous, Cherry Tomatoes, Lemon, Shrimps, Rucola, Basilicum Cream","Ad, Fish",TempName: A067,A067.jpg,
A068,20,"Minced Turkey, Tomatoes, Bulgur, Lime, Avocado, Paprika","Ad, Meat",TempName: A068,A068.jpg,
A069,20,"Paprika, Zucchini, Beans, Passata, Pesto Genovese, Sour Cream, Rice","Ad, Vegan",TempName: A069,A069.jpg,
A070,20,"Ginger, Mushrooms, Bosui, Salmon, Pearl Couscous, Paksoi","Ad, Fish",TempName: A070,A070.jpg,
A071,25,"Pearl Couscous, Goat Cheerse, Zucchini, basilicum, Grana Padano Flakes, Rucola","Ad, Vegan",TempName: A071,A071.jpg,
A072,25,"Potatoes, Minced Meat, Kofte Herbs, Italian Vegetable mix, Mushrooms, Red Pesto","Ad, Meat",TempName: A072,A072.jpg,
A073,25,"Rice, Ginger, Curry, Rice, Cocos Milk, Cherry Tomatoes, Beans, Sugar Snaps, Spinach","Ad, Vegan",TempName: A073,A073.jpg,
A074,25,"Risotto Rice, Rice, Cucumber, Avocado, Ginger, Gomasio, Smoked Salmon, Radish","Ad, Fish",TempName: A074,A074.jpg,
A075,25,"Rice, Paprika, Curry Herbs, Cauliflower, Greek Yoghurt, Chilli Pepper","Ad, Vegan",TempName: A075,A075.jpg,
A076,30,"Paprika, Mexican Herbs, Lentils, Blackcurrants, White Cheese, Rice, Tomato Blocks, Olives","Ad, Vegan",TempName: A076,A076.jpg,
A077,30,"Shrimps, Paprika Pesto, Chives, Tomatoes, Lemon, Rive, Paprika","Ad, Fish",TempName: A077,A077.jpg,
A078,30,"Carrot, Mexican Herbs, Cocos Milk, Tomato blocks, Rice, White Fish","Ad, Fish",TempName: A078,A078.jpg,
A079,30,"Rice, Broccoli, Ginger, Lime, Peanuts, Shrimps, Chives","Ad, Fish",TempName: A079,A079.jpg,
A080,30,"Potatoes, Sweet Potatoes, Tomatoes, Pecan Nuts, Herbal Cheese, Rucola","Ad, Vegan",TempName: A080,A080.jpg,
A081,30,"Yellow Carrot, Lemon, Red Lentils, Lentils, Carrot, White Fish, Spinach","Ad, Fish",TempName: A081,A081.jpg,
A082,35,"Broccoli, Ginger, Chilli Pepper, Rice, Salmon Filet","Ad, Fish",TempName: A082,A082.jpg,
A083,40,"Carrot, Tomato Blocks, Pearl Couscous, Spinach, Bread, Grana Padano Flakes","Ad, Vegan",TempName: A083,A083.jpg,
A084,40,"Chilli Pepper, Lemon, Zucchini, Pearl Couscous, Tomatoes, Paprika, Shrimps","Ad, Fish",TempName: A084,A084.jpg,
A085,35,"Basilicum, Cherry Tomatoes, Risotto Rice, Rice, Cocos Milk, Pecorino, Rucola","Ad, Vegan",TempName: A085,A085.jpg,
A086,35,"Chilli Pepper, Ginger, Kurkuma, Venkel, Mustard Seed, Rice, Cocos Milk, Naan Bread, Yoghurt, Corn","Ad, Vegan",TempName: A086,A086.jpg,
A087,35,"Paprika, Chicken, Mushrooms, Rice, Sour Cream","Ad, Meat",TempName: A087,A087.jpg,
A088,35,"Panko, Cauliflower, Rice, Spinach, Carrot, Cucumber","Ad, Vegan",TempName: A088,A088.jpg,
A089,40,"Sweet Potato, Bosui, Carrot, Lime, Kidney Beans, Garam Masala, Tomato Blocks, Cocos Milk, Rice","Ad, Vegan",TempName: A089,A089.jpg,
A090,45,"Rice, Chicken, Cucumber, Radish, chilli Pepper, Ginger, Korean Herbs","Ad, Meat",TempName: A090,A090.jpg,
A091,45,"Paprika, Rice, Tomatoes, Mexican Herbs, Kidney Beans, Minced Meat, Labne","Ad, Meat",TempName: A091,A091.jpg,
A092,35,"Risotto Rice, Rice, Paprika, Pecorino, Goat Cheese, Tomatoes, Honey, Basilicum","Ad, Vegan",TempName: A092,A092.jpg,
A093,45,"Chilli Pepper, Kurkuma, Venkel, Rice, Cocos Milk, Yoghurt, Paprika, Corn","Ad, Vegan",TempName: A093,A093.jpg,
A094,45,"Hummus, Bulgur, Eastern Herbs, Sweet Potatoes, Pomegranate, Mint","Ad, Vegan",TempName: A094,A094.jpg,
A095,45,"Potatoes, Curry Herbs, Egg, Cocos Milk, White Miso, Young Cabbage, Bosui","Ad, Vegan",TempName: A095,A095.jpg,
A096,45,"Potatoes, Mushrooms, Persil Carrot, Bosui, Chutney, Pecorino","Ad, Vegan",TempName: A096,A096.jpg,
A097,45,"Carrot, Cherry Tomatoes, Pearl Couscous, Blackcurrants, White Fish","Ad, Fish",TempName: A097,A097.jpg,
A098,55,"Leek, Potatoes, Lemon, Milk, Grated Cheese, Ham, Panko","Ad, Meat",TempName: A098,A098.jpg,
A099,55,"Eggplant, Paprika, Eastern Herbs, Naan Bread, Pearl Couscous, Chilli Pepper, Lemon, Hummus","Ad, Vegan",TempName: A099,A099.jpg,
A100,55,"White Miso, Salmon, Broccoli, Ginger, Rice, Risotto Rice, Gomasio","Ad, Fish",TempName: A100,A100.jpg,
A101,55,"Sweet Potato, Black Beans, Corn, Mexican Herbs, Chilli Pepper, Tomatoes, Rice, Goat Cheese, Yoghurt","Ad, Vegan",TempName: A101,A101.jpg,
A102,55,"Carrot, Cherry Tomatoes, Pearl Couscous, Blackcurrants, White Fish","Ad, Fish",TempName: A102,A102.jpg,
A103,60,"Potatoes, Carrot, Leek, Grated Cheese, Minced Meat","Ad, Meat",TempName: A103,A103.jpg,
A104,60,"Potatoes, Lentils, Leek, Carrot, Kookroom, Grated Cheese. Minced Meat Herbs, Salad","Ad, Meat",TempName: A104,A104.jpg,
A105,30,"Rice, Egg, Tomatoes, Wok Paste, Cocos Milk, Cucumber, Green Beans","Ad, Vegan",TempName: A105,A105.jpg,
A106,30,"Rice, Umami, Ginger, Mushrooms, Brussels Sprouts, Bosui, Chilli Pepper, Peanuts","Ad, Vegan",TempName: A106,A106.jpg,
A107,30,"Eggplant, Bosui, Soja Beans, Cucumber, Peanuts, Rice, Gomasio","Ad, Vegan",TempName: A107,A107.jpg,
A108,45,"Cauliflower, Lentils, Lime, Lemon Grass, Basilicum, Rice, Curry Herbs, Cocos Milk, Spinach","Ad, Vegan",TempName: A108,A108.jpg,
A109,45,"Risotto Rice, Rice, White Miso, Cream Cheese, Paksoi, Chilli Pepper, Korean Herbs, Mushrooms, Bosui","Ad, Vegan",TempName: A109,A109.jpg,
A110,45,"Rice, Cocos Milk, Zucchini, Paprika, Champignons, Apple, Curry Herbs, Egg","Ad, Vegan",TempName: A110,A110.jpg,
A111,30,"Chickpeas, Cucumber, Tomatoes, Bread, Chiabatta, Egg, Grated Cheese, Salad","Ad, Vegan",TempName: A111,A111.jpg,
A112,35,"Tomato Blocks, Carrot, Spinach, Basilicum Cream, Paprika, Torteloni, Grated Cheese","Ad, Vegan",TempName: A112,A112.jpg,
A113,40,"Egg, Paprika, Avocado, Lime, Tomato Blocks, Mexican Herbs, Grated Cheese, Sweet Potato","Ad, Vegan",TempName: A113,A113.jpg,
A114,45,"Potatoes, Green Beans, Mushrooms, Grated Cheese, Egg, Carrot, Chives","Ad, Vegan",TempName: A114,A114.jpg,
A115,60,"Potatoes, Lentils, Leek, Carrot, Kookroom, Grated Cheese, Minced Meat Herbs, Salad, Tomatoes","Ad, Meat",TempName: A115,A115.jpg,
A116,20,"Pearl Couscous, White Fish, Passata, Paprika, Lemon, Capers","Ad, Fish",TempName: A116,A116.jpg,
A117,25,"Broccoli, Paksoi, Salmon, Udon Noodles, Peanuts, Ginger","Ad, Fish",TempName: A117,A117.jpg,
A118,45,"Chilli Pepper, Mushrooms, Radish, Shrimps, Udon Noodles, Sugar Snaps, Gomasio","Ad, Fish",TempName: A118,A118.jpg,
A119,20,"Pasta, Minced Turkey, White Cabbage Mix, Basilicum, Lime, Noodles","Ad, Meat",Sticky Thai Style Meatballs,A119.jpg,
A120,20,"Bulgogi Sauce, Chicken, Rice, Cucumber, White cabbage, Carrot, Ginger, Honey","Ad, Meat",Bulgogi Bowl With Korean Style Turkey Strips,A120.jpg,
A121,30,"Rice, Tomatoes, Snijbonen, Minced Turkey, Cocos Milk, African Herbs","Ad, Meat",Meatballs in Creamy Curry Sauce,A121.jpg,
A122,50,"Sweet Potato, Potatoes, Corn, Paprika, Minced Turkey, Mexican Herbs, Grated Cheese","Ad, Meat",Sweet and Smokey Cottage Pie,A122.jpg,
A123,50,"Sweet Potato, Grated Cheese, Chutney, Broccoli, Minced Turkey","Ad, Meat",Meatballs with Onion Gravy and Sweet Potato,A123.jpg,
A124,55,"Risotto Rice, Rice, Carrot, Tomato Blocks, Mascarpone, Grated Cheese, Basilicum, Minced Turkey","Ad, Meat",Risotto Bolognese Style,A124.jpg,
A125,30,"Orzo, Cherry Tomatoes, Spinach, Grana Padano Flakes","Ad, Vegan",Orzo with Spinach and Cherry Tomatoes,A125.jpg,
